"","Haglof_Plot_ID","Haglof_ID","Site","Tag","Species","Health_status","Date","Notes","PlotID","Tree_Dia","Latitude","Longitude","dbh"
"1",101,1,"UMBS","1WP2","POGR","L",2019-06-09,"0001 ID in Haglof","D01",516,45.5617452,-84.7078597,51.6
"2",101,3347,"UMBS","3347","POGR","L",2019-06-09,"","D01",339,45.5617903,-84.7079312,33.9
"3",101,3348,"UMBS","3348","ACRU","L",2019-06-09,"","D01",170,45.5618184,-84.7077874,17
"4",101,3349,"UMBS","3349","ACRU","L",2019-06-09,"","D01",192,45.5618197,-84.7077836,19.2
"5",101,3350,"UMBS","3350","BEPA","L",2019-06-09,"","D01",111,45.5617953,-84.7077744,11.1
"6",101,3351,"UMBS","3351","FAGR","L",2019-06-09,"multiple stems from base; shares with 3352","D01",93,45.5617915,-84.7077601,9.3
"7",101,3352,"UMBS","3352","FAGR","L",2019-06-09,"multiple stems from base; shares with 3351","D01",118,45.5617949,-84.7077628,11.8
"8",101,3353,"UMBS","3353","POGR","D",2019-06-09,"","D01",234,45.5617738,-84.707736,23.4
"9",101,3355,"UMBS","3355","POGR","L",2019-06-09,"","D01",378,45.5617326,-84.7079473,37.8
"10",101,3357,"UMBS","3357","ACRU","L",2019-06-09,"","D01",90,45.5617097,-84.7079297,9
"11",101,3358,"UMBS","3358","PIST","L",2019-06-09,"","D01",94,45.5616817,-84.7079495,9.4
"12",101,3359,"UMBS","3359","QURU","L",2019-06-09,"","D01",152,45.5616492,-84.707866,15.2
"13",101,3360,"UMBS","3360","PIST","L",2019-06-09,"","D01",192,45.5616712,-84.7078692,19.2
"14",101,3361,"UMBS","3361","QURU","L",2019-06-09,"","D01",260,45.5616827,-84.7078654,26
"15",101,3362,"UMBS","3362","QURU","L",2019-06-09,"","D01",247,45.5616653,-84.7078587,24.7
"16",101,3363,"UMBS","3363","POGR","L",2019-06-09,"","D01",267,45.5616907,-84.7078258,26.7
"17",101,3364,"UMBS","3364","POGR","L",2019-06-09,"","D01",397,45.5617194,-84.7078352,39.7
"18",101,3365,"UMBS","3365","ACRU","L",2019-06-09,"","D01",142,45.561636,-84.7078115,14.2
"19",101,3366,"UMBS","3366","FAGR","L",2019-06-09,"2 stems; only 1 >8cm","D01",165,45.5616316,-84.7077967,16.5
"20",101,3367,"UMBS","3367","FAGR","L",2019-06-09,"","D01",77,45.5616401,-84.7077918,7.7
"21",101,3368,"UMBS","3368","FAGR","L",2019-06-09,"2 stems; shares base with 3369","D01",88,45.5615884,-84.7077806,8.8
"22",102,3354,"UMBS","3354","ACRU","L",2019-06-09,"Two stems from single base; only 1 >8cm","D01",131,45.5617121,-84.7080166,13.1
"23",102,3356,"UMBS","3356","POGR","L",2019-06-09,"","D01",362,45.5617024,-84.7079451,36.2
"24",103,3,"UMBS","1WP3","POGR","L",2019-06-09,"0003 on Haglof","D01",430,45.5616239,-84.7076991,43
"25",103,4,"UMBS","1WA3","ACRU","L",2019-06-09,"0004 on Haglof; shares base with 3374","D01",120,45.5616108,-84.7077113,12
"26",103,3369,"UMBS","3369","FAGR","L",2019-06-09,"2 stems; shares base with 3368","D01",133,45.5616118,-84.7077973,13.3
"27",103,3370,"UMBS","3370","QURU","L",2019-06-09,"","D01",400,45.5616184,-84.7077605,40
"28",103,3371,"UMBS","3371","BEPA","L",2019-06-09,"share base with 3372 & 3373","D01",290,45.5616422,-84.7077318,29
"29",103,3372,"UMBS","3372","BEPA","L",2019-06-09,"share base with 3371 & 3373","D01",231,45.5616315,-84.7077298,23.1
"30",103,3373,"UMBS","3373","BEPA","L",2019-06-09,"share base with 3371 & 3372","D01",133,45.5616321,-84.7077265,13.3
"31",103,3374,"UMBS","3374","ACRU","L",2019-06-09,"Shares base with 1WA3 and a small third stem","D01",166,45.5616117,-84.7077204,16.6
"32",103,3375,"UMBS","3375","ACRU","L",2019-06-09,"","D01",132,45.5616461,-84.7077515,13.2
"33",103,3376,"UMBS","3376","POGR","D",2019-06-09,"","D01",280,45.5615977,-84.7077102,28
"34",103,3377,"UMBS","3377","POGR","D",2019-06-09,"","D01",265,45.5615746,-84.707714,26.5
"35",103,3378,"UMBS","3378","FAGR","L",2019-06-09,"","D01",124,45.5615832,-84.7077533,12.4
"36",103,3379,"UMBS","3379","ACRU","L",2019-06-09,"shares base with 3380","D01",171,45.5615482,-84.7077148,17.1
"37",103,3380,"UMBS","3380","ACRU","D",2019-06-09,"shares base with 3379","D01",108,45.5615494,-84.7077053,10.8
"38",103,3381,"UMBS","3381","POGR","D",2019-06-09,"","D01",282,45.5615563,-84.7076911,28.2
"39",103,3382,"UMBS","3382","ACRU","L",2019-06-09,"","D01",102,45.5615638,-84.7076871,10.2
"40",103,3383,"UMBS","3383","POGR","D",2019-06-09,"","D01",352,45.5615859,-84.7076463,35.2
"41",103,3384,"UMBS","3384","ACRU","L",2019-06-09,"shares base with 3385","D01",168,45.5615463,-84.7076423,16.8
"42",103,3385,"UMBS","3385","ACRU","L",2019-06-09,"shares base with 3384","D01",92,45.5615449,-84.7076382,9.2
"43",103,3386,"UMBS","3386","POGR","D",2019-06-09,"","D01",241,45.5615479,-84.707592,24.1
"44",104,5,"UMBS","1WA2","ACRU","L",2019-06-09,"0005 on Haglof; shares base with 3391","D01",97,45.5615596,-84.7073983,9.7
"45",104,6,"UMBS","1WQ3","QURU","L",2019-06-09,"0006 on Haglof","D01",298,45.5615363,-84.7074402,29.8
"46",104,7,"UMBS","1WQ1","QURU","L",2019-06-09,"0007 on Haglof","D01",383,45.5615003,-84.7072729,38.3
"47",104,3387,"UMBS","3387","PIST","L",2019-06-09,"","D01",128,45.5615373,-84.7075349,12.8
"48",104,3388,"UMBS","3388","QURU","L",2019-06-09,"Shares base with 3389","D01",255,45.5614905,-84.7075132,25.5
"49",104,3389,"UMBS","3389","QURU","L",2019-06-09,"Shares base with 3388","D01",300,45.5614938,-84.7075086,30
"50",104,3390,"UMBS","3390","ACRU","D",2019-06-09,"snag; some bark left, think it’s an acru","D01",142,45.5615617,-84.7074597,14.2
"51",104,3391,"UMBS","3391","ACRU","D",2019-06-09,"Shares base with 1WA2","D01",95,45.561558,-84.7074007,9.5
"52",104,3392,"UMBS","3392","POGR","D",2019-06-09,"","D01",164,45.5615068,-84.7074391,16.4
"53",104,3393,"UMBS","3393","QURU","L",2019-06-09,"","D01",357,45.5614853,-84.7074217,35.7
"54",104,3394,"UMBS","3394","ACRU","L",2019-06-09,"shares base with 3395","D01",153,45.5614536,-84.707468,15.3
"55",104,3395,"UMBS","3395","ACRU","L",2019-06-09,"shares base with 3394","D01",166,45.5614537,-84.7074741,16.6
"56",104,3396,"UMBS","3396","QURU","L",2019-06-09,"","D01",297,45.5614925,-84.7073612,29.7
"57",104,3398,"UMBS","3398","QURU","L",2019-06-09,"","D01",345,45.5614819,-84.7072862,34.5
"58",104,3399,"UMBS","3399","QURU","L",2019-06-09,"","D01",302,45.5614829,-84.7072795,30.2
"59",104,3400,"UMBS","3400","PIST","L",2019-06-09,"","D01",127,45.5614155,-84.707303,12.7
"60",104,3401,"UMBS","3401","QURU","L",2019-06-09,"","D01",271,45.5614403,-84.707257,27.1
"61",104,3402,"UMBS","3402","ACRU","L",2019-06-09,"shares base with 3403","D01",148,45.5614031,-84.7072521,14.8
"62",104,3403,"UMBS","3403","ACRU","D",2019-06-09,"shares base with 3402","D01",101,45.5614039,-84.7072494,10.1
"63",104,3404,"UMBS","3404","QURU","L",2019-06-09,"","D01",247,45.5613815,-84.7072309,24.7
"64",104,3405,"UMBS","3405","ACRU","L",2019-06-09,"","D01",184,45.5613525,-84.7072232,18.4
"65",104,3406,"UMBS","3406","ACRU","L",2019-06-09,"","D01",138,45.5613495,-84.7072162,13.8
"66",104,3407,"UMBS","3407","PIST","L",2019-06-09,"","D01",89,45.5613582,-84.7072165,8.9
"68",104,3409,"UMBS","3409","PIST","L",2019-06-09,"","D01",219,45.5614418,-84.7071828,21.9
"69",104,3410,"UMBS","3410","QURU","L",2019-06-09,"shares base with 3411","D01",342,45.5613376,-84.7072066,34.2
"70",104,3411,"UMBS","3411","QURU","L",2019-06-09,"shares base with 3410","D01",228,45.5613276,-84.7072164,22.8
"72",104,3413,"UMBS","3413","PIST","L",2019-06-09,"last tree mapped on 6/9","D01",197,45.5613725,-84.707152,19.7
"73",106,8,"UMBS","1WQ2","QURU","L",2019-06-10,"0008 on Haglof","D01",432,45.5614025,-84.7071339,43.2
"74",106,3414,"UMBS","3414","PIST","L",2019-06-10,"first tree mapped 6/10","D01",287,45.5614397,-84.7071034,28.7
"75",106,3415,"UMBS","3415","PIST","L",2019-06-10,"","D01",137,45.5613605,-84.7071265,13.7
"76",106,3416,"UMBS","3416","PIST","L",2019-06-10,"","D01",169,45.561315,-84.7071619,16.9
"77",106,3417,"UMBS","3417","QURU","L",2019-06-10,"shares base with 3418","D01",415,45.5613453,-84.7070728,41.5
"78",106,3418,"UMBS","3418","QURU","L",2019-06-10,"shares base with 3417","D01",388,45.5613331,-84.7070821,38.8
"79",106,3419,"UMBS","3419","QURU","L",2019-06-10,"","D01",370,45.5613569,-84.7070798,37
"80",107,9,"UMBS","1WA1","ACRU","L",2019-06-10,"0009 on Haglof","D01",75,45.5615227,-84.707053,7.5
"81",107,10,"UMBS","1EA3","ACRU","L",2019-06-10,"0010 on Haglof","D01",96,45.5614548,-84.7068673,9.6
"82",107,3420,"UMBS","3420","PIST","L",2019-06-10,"","D01",83,45.561494,-84.7070154,8.3
"83",107,3421,"UMBS","3421","PIST","L",2019-06-10,"","D01",91,45.5614543,-84.7069744,9.1
"84",107,3422,"UMBS","3422","PIST","L",2019-06-10,"","D01",81,45.5614299,-84.7069802,8.1
"85",107,3423,"UMBS","3423","PIST","L",2019-06-10,"","D01",83,45.5614296,-84.7069506,8.3
"86",107,3424,"UMBS","3424","QURU","L",2019-06-10,"Shares base with 3425","D01",399,45.5615616,-84.7069424,39.9
"87",107,3425,"UMBS","3425","QURU","L",2019-06-10,"Shares base with 3424","D01",428,45.5615697,-84.7069482,42.8
"88",107,3426,"UMBS","3426","ACRU","L",2019-06-10,"Broken crown; deformed trunk; took DBH high to avoid deformation","D01",76,45.5615072,-84.7067805,7.6
"89",107,3427,"UMBS","3427","QURU","L",2019-06-10,"","D01",435,45.5614979,-84.7067782,43.5
"90",107,3428,"UMBS","3428","PIST","L",2019-06-10,"","D01",215,45.5614009,-84.7068944,21.5
"91",107,3429,"UMBS","3429","ACRU","L",2019-06-10,"","D01",256,45.5613761,-84.7068956,25.6
"92",107,3430,"UMBS","3430","QURU","L",2019-06-10,"","D01",313,45.5613674,-84.7068945,31.3
"93",107,3431,"UMBS","3431","QURU","L",2019-06-10,"","D01",322,45.5613773,-84.7068739,32.2
"94",107,3432,"UMBS","3432","QURU","L",2019-06-10,"","D01",375,45.5613671,-84.7068482,37.5
"95",108,11,"UMBS","1EQ3","QURU","L",2019-06-10,"0011 on Haglof","D01",90,45.5613757,-84.7066723,9
"96",108,12,"UMBS","1EP3","POGR","L",2019-06-10,"0012 on Haglof","D01",273,45.5613517,-84.706591,27.3
"97",108,13,"UMBS","1EQ1","QURU","L",2019-06-10,"0013 on Haglof","D01",124,45.5613422,-84.7064968,12.4
"98",108,3433,"UMBS","3433","POTR","L",2019-06-10,"","D01",214,45.5613541,-84.7067815,21.4
"99",108,3434,"UMBS","3434","FAGR","L",2019-06-10,"","D01",103,45.5613941,-84.7067622,10.3
"100",108,3435,"UMBS","3435","QURU","L",2019-06-10,"","D01",101,45.561342,-84.7067288,10.1
"101",108,3436,"UMBS","3436","QURU","L",2019-06-10,"","D01",122,45.5613214,-84.7067236,12.2
"102",108,3437,"UMBS","3437","QURU","L",2019-06-10,"","D01",112,45.5613705,-84.7066884,11.2
"103",108,3438,"UMBS","3438","PIST","L",2019-06-10,"","D01",221,45.5613736,-84.7066462,22.1
"104",108,3439,"UMBS","3439","QURU","L",2019-06-10,"","D01",119,45.5613225,-84.7066723,11.9
"105",108,3440,"UMBS","3440","QURU","L",2019-06-10,"","D01",101,45.5612923,-84.7066639,10.1
"106",108,3441,"UMBS","3441","POGR","L",2019-06-10,"","D01",118,45.561294,-84.7066624,11.8
"107",108,3442,"UMBS","3442","QURU","L",2019-06-10,"","D01",123,45.5613474,-84.7066154,12.3
"108",108,3443,"UMBS","3443","POGR","L",2019-06-10,"","D01",102,45.5613614,-84.7066027,10.2
"109",108,3444,"UMBS","3444","QURU","L",2019-06-10,"","D01",94,45.5613474,-84.7065567,9.4
"110",108,3445,"UMBS","3445","QURU","L",2019-06-10,"","D01",101,45.5612683,-84.7066055,10.1
"111",108,3446,"UMBS","3446","QURU","L",2019-06-10,"","D01",129,45.5612668,-84.7065942,12.9
"112",108,3447,"UMBS","3447","PIST","L",2019-06-10,"","D01",121,45.5613411,-84.7064792,12.1
"113",109,14,"UMBS","1EQ2","QURU","L",2019-06-10,"0014 on Haglof","D01",116,45.5613282,-84.7064693,11.6
"114",109,15,"UMBS","1EA2","ACRU","L",2019-06-10,"0015 on Haglof","D01",79,45.5613342,-84.7064553,7.9
"115",109,16,"UMBS","1EP1","POGR","L",2019-06-10,"0016 on Haglof","D01",222,45.5613274,-84.7064087,22.2
"116",109,17,"UMBS","1EA1","ACRU","L",2019-06-10,"0017 on Haglof","D01",31,45.5613136,-84.7063699,3.1
"117",109,18,"UMBS","1EP2","POGR","L",2019-06-10,"0018 on Haglof","D01",425,45.5612431,-84.7063045,42.5
"118",109,3448,"UMBS","3448","ACSA","L",2019-06-10,"Shares base with 3449","D01",215,45.5612889,-84.7065255,21.5
"119",109,3449,"UMBS","3449","ACSA","L",2019-06-10,"Shares base with 3448","D01",377,45.5612976,-84.7065256,37.7
"120",109,3450,"UMBS","3450","POGR","D",2019-06-10,"","D01",413,45.5612477,-84.7064627,41.3
"121",109,3451,"UMBS","3451","POGR","L",2019-06-10,"","D01",323,45.5612846,-84.7064548,32.3
"122",109,3452,"UMBS","3452","PIST","L",2019-06-10,"","D01",137,45.5612964,-84.7064361,13.7
"123",109,3453,"UMBS","3453","PIST","L",2019-06-10,"","D01",161,45.5613811,-84.7063593,16.1
"124",109,3454,"UMBS","3454","POGR","L",2019-06-10,"","D01",181,45.5613505,-84.7062848,18.1
"125",109,3455,"UMBS","3455","POGR","L",2019-06-10,"","D01",402,45.5612962,-84.7063416,40.2
"126",109,3456,"UMBS","3456","POGR","L",2019-06-10,"","D01",270,45.5612684,-84.7063772,27
"127",109,3457,"UMBS","3457","POGR","L",2019-06-10,"","D01",240,45.5612639,-84.7063581,24
"128",109,3458,"UMBS","3458","PIST","L",2019-06-10,"","D01",88,45.5612499,-84.7063973,8.8
"129",109,3459,"UMBS","3459","POGR","L",2019-06-10,"","D01",329,45.561223,-84.7063666,32.9
"130",109,3460,"UMBS","3460","FAGR","L",2019-06-10,"shares base with 3461","D01",106,45.5612504,-84.7063639,10.6
"131",109,3461,"UMBS","3461","FAGR","L",2019-06-10,"shares base with 3460","D01",148,45.5612468,-84.7063605,14.8
"132",109,3462,"UMBS","3462","POGR","L",2019-06-10,"","D01",307,45.5612173,-84.7063503,30.7
"133",109,3463,"UMBS","3463","POGR","L",2019-06-10,"","D01",363,45.5612043,-84.7063558,36.3
"134",110,3464,"UMBS","3464","QURU","L",2019-06-10,"","D01",91,45.5611866,-84.7062997,9.1
"135",110,3465,"UMBS","3465","QURU","L",2019-06-10,"","D01",84,45.5611852,-84.7062722,8.4
"136",110,3466,"UMBS","3466","POGR","L",2019-06-10,"","D01",338,45.5612381,-84.7062789,33.8
"137",110,3467,"UMBS","3467","PIST","L",2019-06-10,"","D01",222,45.5612755,-84.7062499,22.2
"138",110,3468,"UMBS","3468","ACRU","L",2019-06-10,"Shares base with 3469","D01",230,45.5612229,-84.706186,23
"139",110,3469,"UMBS","3469","ACRU","L",2019-06-10,"Shares base with 3468","D01",232,45.5612272,-84.7061765,23.2
"140",111,3470,"UMBS","3470","PIST","L",2019-06-10,"","D01",153,45.5612387,-84.7063693,15.3
"141",111,3471,"UMBS","3471","POTR","L",2019-06-10,"","D01",99,45.5612415,-84.7063663,9.9
"142",115,19,"UMBS","3WP3","POGR","L",2019-06-10,"0019 on Haglof","D03",373,45.5611722,-84.7055281,37.3
"143",115,20,"UMBS","3WP1","POGR","L",2019-06-10,"0020 on Haglof","D03",314,45.5611196,-84.7053829,31.4
"144",115,21,"UMBS","3WP2","POGR","L",2019-06-10,"0021 on Haglof","D03",160,45.5611081,-84.7053109,16
"145",115,3472,"UMBS","3472","PIST","L",2019-06-10,"several plots had problems; start with plot 115 for D03W","D03",75,45.5612252,-84.7056503,7.5
"146",115,3473,"UMBS","3473","QURU","L",2019-06-10,"","D03",102,45.5612135,-84.7056425,10.2
"147",115,3474,"UMBS","3474","POGR","L",2019-06-10,"","D03",118,45.5611789,-84.7056647,11.8
"148",115,3475,"UMBS","3475","POGR","L",2019-06-10,"","D03",107,45.5611661,-84.7056488,10.7
"149",115,3476,"UMBS","3476","POGR","L",2019-06-10,"","D03",87,45.561196,-84.7056268,8.7
"150",115,3477,"UMBS","3477","QURU","L",2019-06-10,"","D03",80,45.5612611,-84.7055605,8
"151",115,3478,"UMBS","3478","QURU","L",2019-06-10,"","D03",106,45.5611874,-84.7055965,10.6
"152",115,3479,"UMBS","3479","QURU","L",2019-06-10,"","D03",87,45.5611863,-84.7056004,8.7
"153",115,3480,"UMBS","3480","ACRU","L",2019-06-10,"Shares base with 3481 & 3482","D03",184,45.5611849,-84.7056061,18.4
"154",115,3481,"UMBS","3481","ACRU","L",2019-06-10,"Shares base with 3480 & 3482","D03",143,45.5611907,-84.7056125,14.3
"155",115,3482,"UMBS","3482","ACRU","L",2019-06-10,"Shares base with 3481 & 3480","D03",141,45.5611773,-84.7056153,14.1
"156",115,3483,"UMBS","3483","QURU","L",2019-06-10,"","D03",122,45.5611334,-84.7056217,12.2
"157",115,3484,"UMBS","3484","POGR","D",2019-06-10,"","D03",284,45.5611788,-84.7055335,28.4
"158",115,3485,"UMBS","3485","QURU","L",2019-06-10,"","D03",111,45.5610962,-84.7055326,11.1
"159",115,3486,"UMBS","3486","QURU","L",2019-06-10,"","D03",119,45.5611359,-84.705529,11.9
"160",115,3487,"UMBS","3487","QURU","L",2019-06-10,"","D03",80,45.5611621,-84.7055184,8
"161",115,3488,"UMBS","3488","QURU","L",2019-06-10,"","D03",85,45.5612333,-84.705433,8.5
"162",115,3489,"UMBS","3489","POGR","L",2019-06-10,"","D03",84,45.5611144,-84.705476,8.4
"163",115,3490,"UMBS","3490","QURU","L",2019-06-10,"","D03",165,45.561099,-84.7054853,16.5
"164",115,3491,"UMBS","3491","POGR","L",2019-06-10,"","D03",131,45.5611171,-84.7053767,13.1
"165",115,3492,"UMBS","3492","POGR","L",2019-06-10,"","D03",82,45.5611973,-84.705323,8.2
"166",115,3493,"UMBS","3493","PIST","L",2019-06-10,"","D03",208,45.5611032,-84.7053163,20.8
"167",116,22,"UMBS","3WA3","ACRU","L",2019-06-10,"0022 on Haglof","D03",65,45.5610822,-84.7052407,6.5
"168",116,23,"UMBS","3WA2","ACRU","L",2019-06-10,"0023 on Haglof","D03",126,45.5610407,-84.705116,12.6
"169",116,24,"UMBS","3WQ3","QURU","L",2019-06-10,"0024 on Haglof","D03",456,45.5610264,-84.7051012,45.6
"170",116,25,"UMBS","3WQ2","QURU","L",2019-06-10,"0025 on Haglof","D03",285,45.5610067,-84.7049311,28.5
"171",116,3494,"UMBS","3494","POGR","L",2019-06-10,"","D03",223,45.5610751,-84.7053049,22.3
"172",116,3495,"UMBS","3495","POGR","L",2019-06-10,"","D03",173,45.5610988,-84.7053368,17.3
"173",116,3496,"UMBS","3496","POGR","L",2019-06-10,"","D03",263,45.5611166,-84.7053295,26.3
"174",116,3497,"UMBS","3497","POGR","L",2019-06-10,"","D03",276,45.5610988,-84.7052974,27.6
"175",116,3498,"UMBS","3498","PIST","L",2019-06-10,"","D03",258,45.561042,-84.705314,25.8
"176",116,3499,"UMBS","3499","PIST","L",2019-06-10,"","D03",74,45.5610357,-84.7052837,7.4
"177",116,3500,"UMBS","3500","ACRU","L",2019-06-10,"shares base with 3501","D03",149,45.5610803,-84.7052306,14.9
"178",116,3501,"UMBS","3501","ACRU","L",2019-06-10,"shares base with 3500","D03",139,45.5610842,-84.7052369,13.9
"179",116,3502,"UMBS","3502","PIST","L",2019-06-10,"","D03",346,45.5611146,-84.7052286,34.6
"180",116,3503,"UMBS","3503","PIST","L",2019-06-10,"","D03",188,45.5611167,-84.7051128,18.8
"181",116,3504,"UMBS","3504","PIST","L",2019-06-10,"","D03",96,45.5610125,-84.7052367,9.6
"182",116,3505,"UMBS","3505","QURU","L",2019-06-10,"","D03",351,45.5610419,-84.7051445,35.1
"183",116,3506,"UMBS","3506","FAGR","L",2019-06-10,"","D03",134,45.5610409,-84.7051386,13.4
"184",116,3507,"UMBS","3507","ACRU","L",2019-06-10,"4 stems from same base; 3 tagged; 3507, 3508, 3WA2","D03",78,45.5610395,-84.7051151,7.8
"185",116,3508,"UMBS","3508","ACRU","D",2019-06-10,"4 stems from same base; 3 tagged; 3507, 3508, 3WA2","D03",85,45.5610382,-84.7051283,8.5
"186",116,3509,"UMBS","3509","ACRU","L",2019-06-10,"shares base with 3510","D03",137,45.5609685,-84.705167,13.7
"187",116,3510,"UMBS","3510","ACRU","L",2019-06-10,"shares base with 3509","D03",96,45.5609684,-84.7051569,9.6
"188",117,26,"UMBS","3WA1","ACRU","L",2019-06-10,"0026 on Haglof; shares base with 3522, 3523, 3524","D03",149,45.5611115,-84.7047522,14.9
"189",117,27,"UMBS","3WQ1","QURU","L",2019-06-10,"0027 on Haglof","D03",528,45.5609693,-84.7048008,52.8
"190",117,3511,"UMBS","3511","PIST","L",2019-06-10,"","D03",87,45.5610807,-84.7050661,8.7
"191",117,3512,"UMBS","3512","PIST","L",2019-06-10,"","D03",99,45.56107,-84.705032,9.9
"193",117,3514,"UMBS","3514","POGR","L",2019-06-10,"","D03",303,45.5611917,-84.7048952,30.3
"194",117,3515,"UMBS","3515","QURU","L",2019-06-10,"Large scar running vertically along trunk","D03",454,45.5611448,-84.7048203,45.4
"195",117,3516,"UMBS","3516","QURU","L",2019-06-10,"shares base with 3WQ2","D03",320,45.5610984,-84.7048694,32
"196",117,3517,"UMBS","3517","QURU","L",2019-06-10,"","D03",205,45.5611623,-84.704709,20.5
"197",117,3518,"UMBS","3518","QURU","L",2019-06-10,"","D03",305,45.5611272,-84.7047103,30.5
"198",117,3519,"UMBS","3519","QURU","L",2019-06-10,"","D03",286,45.5611198,-84.7047184,28.6
"199",117,3520,"UMBS","3520","PIST","L",2019-06-10,"","D03",92,45.5611138,-84.7047204,9.2
"200",117,3521,"UMBS","3521","QURU","L",2019-06-10,"","D03",434,45.5611045,-84.704703,43.4
"201",117,3522,"UMBS","3522","ACRU","L",2019-06-10,"shares base with 3WA1, 3523, 3524","D03",157,45.561114,-84.7047489,15.7
"202",117,3523,"UMBS","3523","ACRU","L",2019-06-10,"shares base with 3WA1, 3522, 3524","D03",186,45.5611047,-84.7047441,18.6
"203",117,3524,"UMBS","3524","ACRU","L",2019-06-10,"shares base with 3WA1, 3522, 3523","D03",130,45.5611028,-84.7047389,13
"204",117,3525,"UMBS","3525","QURU","L",2019-06-10,"","D03",89,45.5610505,-84.7046952,8.9
"205",117,3526,"UMBS","3526","POGR","L",2019-06-10,"","D03",93,45.5610452,-84.7046965,9.3
"206",117,3527,"UMBS","3527","PIST","D",2019-06-10,"","D03",102,45.5609839,-84.7048135,10.2
"207",117,3528,"UMBS","3528","QURU","L",2019-06-10,"shares base with 3WQ1","D03",449,45.5609719,-84.7048137,44.9
"208",117,3529,"UMBS","3529","QURU","L",2019-06-10,"crown damaged; shares base with 3530","D03",199,45.5609393,-84.7049,19.9
"209",117,3530,"UMBS","3530","QURU","L",2019-06-10,"shares base with 3529","D03",256,45.5609427,-84.704905,25.6
"210",117,3531,"UMBS","3531","QURU","L",2019-06-10,"","D03",437,45.5609064,-84.7048915,43.7
"211",117,3532,"UMBS","3532","ACRU","L",2019-06-10,"","D03",196,45.5609127,-84.7048599,19.6
"212",118,28,"UMBS","3EQ3","QURU","L",2019-06-10,"0028 on Haglof; shares base with 3538","D03",428,45.5609882,-84.7046316,42.8
"213",118,29,"UMBS","3EA3","ACRU","L",2019-06-10,"0029 on Haglof; shares base with 3543","D03",209,45.5609572,-84.7045504,20.9
"214",118,30,"UMBS","3EQ2","QURU","L",2019-06-10,"0030 on Haglof","D03",359,45.5609299,-84.7045026,35.9
"215",118,3533,"UMBS","3533","ACRU","L",2019-06-10,"","D03",109,45.5609244,-84.7047168,10.9
"216",118,3534,"UMBS","3534","ACRU","D",2019-06-10,"","D03",86,45.5609256,-84.704709,8.6
"217",118,3535,"UMBS","3535","PIST","L",2019-06-10,"","D03",79,45.5609546,-84.7047172,7.9
"218",118,3536,"UMBS","3536","PIST","L",2019-06-10,"","D03",88,45.5610041,-84.704716,8.8
"219",118,3537,"UMBS","3537","PIST","L",2019-06-10,"","D03",141,45.5609925,-84.704613,14.1
"220",118,3538,"UMBS","3538","QURU","L",2019-06-10,"second stem of shared base with 3EQ3","D03",477,45.560978,-84.7046405,47.7
"221",118,3539,"UMBS","3539","PIRE","L",2019-06-10,"","D03",188,45.5609649,-84.7046679,18.8
"222",118,3540,"UMBS","3540","PIRE","L",2019-06-10,"","D03",139,45.5609036,-84.704596,13.9
"223",118,3541,"UMBS","3541","PIRE","L",2019-06-10,"","D03",123,45.5609275,-84.7045602,12.3
"224",118,3542,"UMBS","3542","FAGR","L",2019-06-10,"","D03",196,45.5609485,-84.7045377,19.6
"225",118,3543,"UMBS","3543","ACRU","L",2019-06-10,"shares base with 3EA3","D03",181,45.5609672,-84.7045394,18.1
"226",118,3544,"UMBS","3544","PIRE","L",2019-06-10,"","D03",159,45.5609192,-84.7045267,15.9
"227",118,3545,"UMBS","3545","QURU","L",2019-06-10,"Triple stem with 3546, 3547","D03",179,45.5608692,-84.7045311,17.9
"228",119,3546,"UMBS","3546","QURU","L",2019-06-10,"Triple stem with 3545, 3547","D03",156,45.560871,-84.7045223,15.6
"229",119,3547,"UMBS","3547","QURU","L",2019-06-10,"Triple stem with 3545, 3546","D03",291,45.5608649,-84.704516,29.1
"230",119,3548,"UMBS","3548","QURU","L",2019-06-10,"Shares base with 3549","D03",212,45.5608618,-84.7045476,21.2
"231",119,3549,"UMBS","3549","QURU","L",2019-06-10,"Shares base with 3548","D03",234,45.5608598,-84.7045506,23.4
"232",119,3550,"UMBS","3550","QURU","L",2019-06-10,"","D03",279,45.5608628,-84.7045044,27.9
"233",119,3551,"UMBS","3551","PIRE","L",2019-06-10,"","D03",83,45.5608779,-84.704432,8.3
"234",119,3552,"UMBS","3552","POGR","L",2019-06-10,"","D03",234,45.5609101,-84.7044409,23.4
"235",119,3553,"UMBS","3553","PIRE","L",2019-06-10,"","D03",402,45.5609535,-84.7044066,40.2
"236",119,3557,"UMBS","3557","PIST","L",2019-06-10,"","D03",83,45.5608745,-84.7043737,8.3
"237",119,3558,"UMBS","3558","POGR","L",2019-06-10,"","D03",82,45.5608695,-84.7043513,8.2
"238",119,3559,"UMBS","3559","PIRE","L",2019-06-10,"","D03",82,45.5608562,-84.7043684,8.2
"239",119,3560,"UMBS","3560","POGR","L",2019-06-10,"","D03",104,45.5608602,-84.7043193,10.4
"240",120,31,"UMBS","3EP3","POGR","L",2019-06-10,"0031 on Haglof; shares base with snag 3555","D03",334,45.5609135,-84.7042016,33.4
"241",120,32,"UMBS","3EP1","POGR","L",2019-06-10,"0032 on Haglof","D03",275,45.5609344,-84.7041827,27.5
"242",120,33,"UMBS","3EA1","ACRU","L",2019-06-10,"0033 on Haglof","D03",191,45.5609645,-84.7041359,19.1
"243",120,34,"UMBS","3EQ1","QURU","L",2019-06-10,"0034 on Haglof","D03",397,45.561016,-84.7040972,39.7
"244",120,3554,"UMBS","3554","POGR","L",2019-06-10,"","D03",97,45.5609262,-84.704302,9.7
"245",120,3555,"UMBS","3555","POGR","D",2019-06-10,"shares base with 3EP3","D03",251,45.5609158,-84.7042115,25.1
"246",120,3556,"UMBS","3556","POGR","L",2019-06-10,"","D03",124,45.5608721,-84.704163,12.4
"247",120,3561,"UMBS","3561","QURU","L",2019-06-10,"","D03",85,45.5609571,-84.7042796,8.5
"248",120,3562,"UMBS","3562","QURU","L",2019-06-10,"","D03",126,45.560965,-84.7042729,12.6
"249",120,3563,"UMBS","3563","QURU","L",2019-06-10,"","D03",91,45.5609822,-84.7042812,9.1
"250",120,3564,"UMBS","3564","QURU","L",2019-06-10,"","D03",197,45.5609938,-84.7042789,19.7
"251",120,3565,"UMBS","3565","QURU","L",2019-06-10,"","D03",128,45.5610039,-84.7042765,12.8
"252",120,3566,"UMBS","3566","QURU","L",2019-06-10,"","D03",133,45.5610293,-84.7042291,13.3
"253",120,3567,"UMBS","3567","POGR","L",2019-06-10,"","D03",130,45.5609339,-84.7041699,13
"254",120,3568,"UMBS","3568","POGR","L",2019-06-10,"","D03",343,45.560922,-84.7041015,34.3
"255",120,3569,"UMBS","3569","POGR","L",2019-06-10,"","D03",87,45.560927,-84.7040476,8.7
"256",120,3570,"UMBS","3570","ACRU","D",2019-06-10,"Shares base with 3571, 3EA1","D03",117,45.5609582,-84.7041412,11.7
"257",120,3571,"UMBS","3571","ACRU","L",2019-06-10,"Shares base with 3570, 3EA1","D03",116,45.5609595,-84.704143,11.6
"258",120,3572,"UMBS","3572","POGR","L",2019-06-10,"","D03",81,45.5610159,-84.7041693,8.1
"259",120,3573,"UMBS","3573","PIST","L",2019-06-10,"","D03",84,45.5610132,-84.7040252,8.4
"260",120,3574,"UMBS","3574","PIST","L",2019-06-10,"","D03",161,45.5610355,-84.7040713,16.1
"261",120,3575,"UMBS","3575","POGR","L",2019-06-10,"","D03",417,45.5610618,-84.7040581,41.7
"262",120,3595,"UMBS","3595","ACRU","L",2019-06-10,"share base","D03",142,45.5609849,-84.7041248,14.2
"263",120,3596,"UMBS","3596","ACRU","L",2019-06-10,"share base","D03",152,45.5609885,-84.7041199,15.2
"264",120,3597,"UMBS","3597","PIST","L",2019-06-10,"","D03",83,45.5609839,-84.7041205,8.3
"265",121,35,"UMBS","3EA2","ACRU","L",2019-06-10,"0035 on Haglof; shares base with 3582 & 3583","D03",275,45.5608512,-84.7039913,27.5
"266",121,36,"UMBS","3EP2","POGR","L",2019-06-10,"0036 on Haglof","D03",334,45.560871,-84.7039381,33.4
"267",121,3576,"UMBS","3576","PIRE","L",2019-06-10,"","D03",78,45.5608121,-84.7041249,7.8
"268",121,3577,"UMBS","3577","PIST","L",2019-06-10,"","D03",157,45.5608665,-84.7040778,15.7
"269",121,3578,"UMBS","3578","POGR","L",2019-06-10,"","D03",368,45.5609045,-84.70406,36.8
"270",121,3579,"UMBS","3579","POGR","L",2019-06-10,"","D03",231,45.5609033,-84.7040439,23.1
"271",121,3580,"UMBS","3580","POGR","L",2019-06-10,"","D03",338,45.5608805,-84.7040472,33.8
"272",121,3581,"UMBS","3581","PIRE","L",2019-06-10,"","D03",245,45.560838,-84.7040601,24.5
"273",121,3582,"UMBS","3582","QURU","L",2019-06-10,"Triple stem with 3583 & 3EA2","D03",149,45.560851,-84.7040147,14.9
"274",121,3583,"UMBS","3583","QURU","L",2019-06-10,"Triple stem with 3582 & 3EA2","D03",286,45.5608473,-84.704013,28.6
"275",121,3584,"UMBS","3584","POGR","L",2019-06-10,"","D03",205,45.5608825,-84.7040055,20.5
"276",121,3585,"UMBS","3585","PIST","D",2019-06-10,"","D03",104,45.5608987,-84.7040035,10.4
"277",121,3586,"UMBS","3586","POGR","L",2019-06-10,"","D03",80,45.5609416,-84.7039561,8
"278",121,3587,"UMBS","3587","FAGR","L",2019-06-10,"","D03",166,45.5609537,-84.7038978,16.6
"279",121,3588,"UMBS","3588","PIRE","L",2019-06-10,"","D03",312,45.5609338,-84.7038967,31.2
"280",121,3589,"UMBS","3589","POGR","L",2019-06-10,"","D03",338,45.5608574,-84.7039275,33.8
"281",121,3590,"UMBS","3590","POGR","L",2019-06-10,"","D03",367,45.560822,-84.7039513,36.7
"282",121,3591,"UMBS","3591","POGR","D",2019-06-10,"","D03",188,45.5607993,-84.7039223,18.8
"283",121,3592,"UMBS","3592","POGR","L",2019-06-10,"","D03",253,45.5608319,-84.7038526,25.3
"284",121,3593,"UMBS","3593","POGR","D",2019-06-10,"short snag","D03",311,45.5608823,-84.7040825,31.1
"285",121,3599,"UMBS","3599","QURU","L",2019-06-10,"","D03",509,45.5609557,-84.7038835,50.9
"286",122,3598,"UMBS","3598","PIST","L",2019-06-10,"one tree in this plot (plot #122)","D03",83,45.5607787,-84.7040128,8.3
"287",123,3594,"UMBS","3594","ACRU","D",2019-06-10,"short snag, base with multiple stems; 1 tree in this plot","D03",91,45.5611345,-84.7047004,9.1
"288",124,3600,"UMBS","3600","ACRU","L",2019-06-12,"shares base with 3601","D02",87,45.5617256,-84.7056668,8.7
"289",124,3601,"UMBS","3601","ACRU","L",2019-06-12,"shares base with 3600","D02",110,45.5617242,-84.7056641,11
"290",124,3602,"UMBS","3602","POGR","L",2019-06-12,"","D02",341,45.5616963,-84.7056592,34.1
"291",124,3603,"UMBS","3603","QURU","L",2019-06-12,"","D02",371,45.5616931,-84.7056279,37.1
"292",124,3604,"UMBS","3604","ACRU","L",2019-06-12,"","D02",119,45.5617245,-84.7056347,11.9
"293",124,3605,"UMBS","3605","ACRU","L",2019-06-12,"","D02",111,45.5617322,-84.7056214,11.1
"294",124,3606,"UMBS","3606","FAGR","L",2019-06-12,"","D02",103,45.561725,-84.7056168,10.3
"295",124,3607,"UMBS","3607","POGR","L",2019-06-12,"","D02",221,45.5617021,-84.7056053,22.1
"296",124,3608,"UMBS","3608","ACRU","L",2019-06-12,"Shares base with 3609","D02",123,45.5616932,-84.7056013,12.3
"297",124,3609,"UMBS","3609","ACRU","L",2019-06-12,"Shares base with 3608","D02",94,45.5616886,-84.7056006,9.4
"298",124,3610,"UMBS","3610","FAGR","L",2019-06-12,"shares base with 3611 and small third stem","D02",82,45.5617948,-84.7056608,8.2
"299",124,3611,"UMBS","3611","FAGR","L",2019-06-12,"shares base with 3610 and small third stem","D02",130,45.5617922,-84.7056555,13
"300",124,3612,"UMBS","3612","ACRU","L",2019-06-12,"","D02",77,45.561802,-84.7056458,7.7
"301",124,3613,"UMBS","3613","FAGR","L",2019-06-12,"shares base with small second stem","D02",189,45.5618224,-84.7056552,18.9
"302",124,3614,"UMBS","3614","FAGR","L",2019-06-12,"","D02",109,45.5618323,-84.7056326,10.9
"303",124,3615,"UMBS","3615","QURU","G",2019-06-12,"","D02",286,45.5618604,-84.7055928,28.6
"304",124,3617,"UMBS","3617","QURU","G",2019-06-12,"Was already dead as of girdling","D02",192,45.5618818,-84.7055463,19.2
"305",124,3618,"UMBS","3618","QURU","G",2019-06-12,"","D02",183,45.5618492,-84.7055031,18.3
"306",124,3619,"UMBS","3619","POGR","G",2019-06-12,"","D02",284,45.561835,-84.705511,28.4
"307",124,3620,"UMBS","3620","POGR","G",2019-06-12,"","D02",302,45.5618283,-84.705496,30.2
"308",124,3621,"UMBS","3621","FAGR","G",2019-06-12,"","D02",184,45.561818,-84.7055512,18.4
"309",125,37,"UMBS","2WP3","POGR","G",2019-06-12,"00037 on haglof; accidentally girdled","D02",317,45.5617993,-84.7055343,31.7
"310",125,38,"UMBS","2WP2","POGR","L",2019-06-12,"00038 on haglof","D02",297,45.5617346,-84.7055455,29.7
"311",125,39,"UMBS","2WQ3","QURU","L",2019-06-12,"00039 on haglof","D02",306,45.5617504,-84.7054541,30.6
"312",125,40,"UMBS","2WA1","ACRU","L",2019-06-12,"00040 on haglof","D02",90,45.5617312,-84.7054077,9
"313",125,41,"UMBS","2WQ1","QURU","L",2019-06-12,"00041  on haglof","D02",258,45.5616591,-84.7053386,25.8
"314",125,42,"UMBS","2WA2","ACRU","L",2019-06-12,"00042 on Haglof","D02",140,45.5616357,-84.7053035,14
"315",125,3616,"UMBS","3616","QURU","G",2019-06-12,"","D02",262,45.5618826,-84.705531,26.2
"316",125,3622,"UMBS","3622","FAGR","L",2019-06-12,"","D02",125,45.561825,-84.705544,12.5
"317",125,3623,"UMBS","3623","FAGR","L",2019-06-12,"shares base with small second stem","D02",91,45.5618158,-84.7055549,9.1
"318",125,3624,"UMBS","3624","FAGR","L",2019-06-12,"","D02",119,45.5618107,-84.7055511,11.9
"319",125,3625,"UMBS","3625","FAGR","L",2019-06-12,"","D02",90,45.5618074,-84.7055821,9
"320",125,3626,"UMBS","3626","FAGR","L",2019-06-12,"","D02",108,45.5618145,-84.7055936,10.8
"321",125,3627,"UMBS","3627","ACRU","L",2019-06-12,"","D02",86,45.5618227,-84.7054878,8.6
"322",125,3628,"UMBS","3628","QURU","L",2019-06-12,"shares base with 3629 and 3630","D02",354,45.5617235,-84.7055479,35.4
"323",125,3629,"UMBS","3629","QURU","L",2019-06-12,"shares base with 3628 and 3630","D02",258,45.5617175,-84.7055404,25.8
"324",125,3630,"UMBS","3630","QURU","L",2019-06-12,"shares base with 3628 and 3629","D02",200,45.5617171,-84.7055544,20
"325",125,3631,"UMBS","3631","POGR","D",2019-06-12,"snag","D02",276,45.5616756,-84.7055915,27.6
"326",125,3632,"UMBS","3632","PIRE","L",2019-06-12,"","D02",188,45.5616451,-84.705586,18.8
"327",125,3633,"UMBS","3633","QURU","L",2019-06-12,"","D02",365,45.5616906,-84.7055023,36.5
"328",125,3634,"UMBS","3634","ACRU","L",2019-06-12,"","D02",128,45.5616946,-84.705449,12.8
"329",125,3635,"UMBS","3635","QURU","G",2019-06-12,"","D02",212,45.5618475,-84.7054421,21.2
"330",125,3636,"UMBS","3636","QURU","G",2019-06-12,"","D02",247,45.5618121,-84.705399,24.7
"331",125,3637,"UMBS","3637","QURU","G",2019-06-12,"","D02",338,45.5617883,-84.7054002,33.8
"332",125,3638,"UMBS","3638","ACRU","L",2019-06-12,"","D02",133,45.5617731,-84.7054463,13.3
"333",125,3639,"UMBS","3639","QURU","L",2019-06-12,"shares base with 2WQ3","D02",324,45.5617442,-84.7054462,32.4
"334",125,3640,"UMBS","3640","ACRU","L",2019-06-12,"","D02",113,45.561754,-84.7053713,11.3
"335",125,3641,"UMBS","3641","QURU","G",2019-06-12,"","D02",243,45.5618087,-84.7053775,24.3
"336",125,3642,"UMBS","3642","QURU","G",2019-06-12,"","D02",224,45.5617507,-84.705355,22.4
"337",125,3643,"UMBS","3643","QURU","G",2019-06-12,"","D02",303,45.5617562,-84.7052853,30.3
"339",125,3645,"UMBS","3645","ACRU","L",2019-06-12,"","D02",81,45.5617391,-84.7053114,8.1
"340",125,3646,"UMBS","3646","QURU","G",2019-06-12,"","D02",311,45.5617305,-84.7053018,31.1
"341",125,3647,"UMBS","3647","QURU","L",2019-06-12,"","D02",278,45.5617115,-84.7053485,27.8
"342",125,3648,"UMBS","3648","QURU","L",2019-06-12,"","D02",291,45.5616892,-84.7054268,29.1
"343",125,3649,"UMBS","3649","QURU","L",2019-06-12,"","D02",234,45.5616368,-84.7054684,23.4
"344",125,3650,"UMBS","3650","QURU","L",2019-06-12,"Shares base with 3651","D02",267,45.5616394,-84.7054288,26.7
"345",125,3651,"UMBS","3651","QURU","L",2019-06-12,"Shares base with 3650","D02",258,45.5616326,-84.7054285,25.8
"346",125,3652,"UMBS","3652","QURU","L",2019-06-12,"Shares base with 3653 & 3654","D02",235,45.5616258,-84.7053896,23.5
"347",125,3653,"UMBS","3653","QURU","L",2019-06-12,"Shares base with 3654 and 3652","D02",296,45.561628,-84.7053852,29.6
"348",125,3654,"UMBS","3654","QURU","L",2019-06-12,"Shares base with 3652 & 3653","D02",231,45.5616169,-84.7053915,23.1
"350",125,3656,"UMBS","3656","FAGR","L",2019-06-12,"two smaller stems from same base","D02",142,45.5615593,-84.7054613,14.2
"351",125,3657,"UMBS","3657","QURU","L",2019-06-12,"","D02",272,45.5616818,-84.7053405,27.2
"352",125,3658,"UMBS","3658","QURU","L",2019-06-12,"Shares base with 2WQ1","D02",292,45.5616556,-84.705333,29.2
"353",125,3659,"UMBS","3659","ACRU","L",2019-06-12,"Shares base with 3660","D02",90,45.5616871,-84.7053166,9
"354",125,3660,"UMBS","3660","ACRU","L",2019-06-12,"Shares base with 3659","D02",86,45.5616857,-84.7053126,8.6
"355",125,3661,"UMBS","3661","QURU","L",2019-06-12,"","D02",231,45.5616684,-84.7053123,23.1
"356",125,3662,"UMBS","3662","QURU","G",2019-06-12,"","D02",213,45.5617404,-84.705246,21.3
"357",125,3663,"UMBS","3663","POGR","D",2019-06-12,"","D02",247,45.5617142,-84.7052536,24.7
"358",126,3664,"UMBS","3664","ACRU","L",2019-06-12,"","D02",93,45.5617528,-84.705198,9.3
"359",126,3665,"UMBS","3665","ACRU","L",2019-06-12,"","D02",90,45.5617597,-84.7051912,9
"360",126,3666,"UMBS","3666","QURU","G",2019-06-12,"","D02",295,45.5617124,-84.7052108,29.5
"361",126,3667,"UMBS","3667","ACRU","L",2019-06-12,"shares base with 2WA2","D02",85,45.5616692,-84.7052617,8.5
"362",126,3668,"UMBS","3668","QURU","G",2019-06-12,"","D02",222,45.5616971,-84.7051663,22.2
"363",126,3669,"UMBS","3669","QURU","G",2019-06-12,"","D02",294,45.56171,-84.7051321,29.4
"364",126,3670,"UMBS","3670","ACRU","L",2019-06-12,"","D02",99,45.5616538,-84.7051229,9.9
"365",126,3671,"UMBS","3671","ACRU","L",2019-06-12,"shares base with 3672","D02",103,45.5616542,-84.7051184,10.3
"366",126,3672,"UMBS","3672","ACRU","L",2019-06-12,"shares base with 3671","D02",91,45.5616544,-84.7051152,9.1
"367",126,3673,"UMBS","3673","FAGR","L",2019-06-12,"second small stem from same base","D02",123,45.5616412,-84.705147,12.3
"368",126,3674,"UMBS","3674","QURU","L",2019-06-12,"","D02",359,45.5616468,-84.7051943,35.9
"369",126,3675,"UMBS","3675","ACRU","L",2019-06-12,"shares base with 2WA3","D02",170,45.5615609,-84.7052909,17
"370",126,3676,"UMBS","3676","ACRU","L",2019-06-12,"second small stem from base","D02",96,45.5615581,-84.7052927,9.6
"371",126,3677,"UMBS","3677","POGR","L",2019-06-12,"","D02",402,45.5615518,-84.7052996,40.2
"372",126,3678,"UMBS","3678","POGR","L",2019-06-12,"","D02",333,45.5615613,-84.7053133,33.3
"373",126,3679,"UMBS","3679","FAGR","L",2019-06-12,"","D02",109,45.5615717,-84.7053177,10.9
"374",126,3680,"UMBS","3680","POGR","L",2019-06-12,"","D02",335,45.5615684,-84.7053432,33.5
"375",126,3681,"UMBS","3681","FAGR","L",2019-06-12,"second small stem from base","D02",93,45.5615549,-84.7053519,9.3
"376",126,3682,"UMBS","3682","FAGR","L",2019-06-12,"part of cluster including 3681-3","D02",100,45.5615418,-84.705349,10
"377",126,3683,"UMBS","3683","FAGR","L",2019-06-12,"part of cluster including 3681-3; second small stem from same base","D02",89,45.5615466,-84.7053583,8.9
"378",126,3684,"UMBS","3684","PIRE","D",2019-06-12,"","D02",346,45.561556,-84.7053934,34.6
"379",127,43,"UMBS","2WA3","ACRU","L",2019-06-12,"0043 on Haglof","D02",84,45.5615689,-84.705288,8.4
"380",127,44,"UMBS","2WP1","POGR","L",2019-06-12,"0044 on Haglof","D02",403,45.5615714,-84.7051952,40.3
"381",127,45,"UMBS","2WQ2","QURU","L",2019-06-12,"0045 on Haglof","D02",309,45.5615486,-84.7051452,30.9
"382",127,46,"UMBS","2EQ1","QURU","L",2019-06-12,"0046 on Haglof","D02",148,45.5615237,-84.7051559,14.8
"383",127,47,"UMBS","2EA1","ACRU","L",2019-06-12,"0047 on Haglof; part of stem cluster","D02",45,45.5615044,-84.7051546,4.5
"384",127,48,"UMBS","2EQ2","QURU","L",2019-06-12,"0048 on Haglof","D02",90,45.5614772,-84.7051368,9
"385",127,49,"UMBS","2EP1","POGR","L",2019-06-12,"0049 on Haglof","D02",390,45.5614001,-84.7051087,39
"386",127,50,"UMBS","2EQ3","QURU","L",2019-06-12,"0050 on Haglof","D02",331,45.5613906,-84.7050949,33.1
"387",127,3685,"UMBS","3685","ACRU","L",2019-06-12,"Shares base with 3686","D02",159,45.5615283,-84.705398,15.9
"388",127,3686,"UMBS","3686","ACRU","L",2019-06-12,"Shares base with 3685","D02",125,45.5615289,-84.7053924,12.5
"389",127,3687,"UMBS","3687","ACRU","L",2019-06-12,"second small stem from base","D02",110,45.5615249,-84.7053193,11
"390",127,3688,"UMBS","3688","POGR","D",2019-06-12,"snag","D02",207,45.5614937,-84.7053041,20.7
"391",127,3689,"UMBS","3689","QURU","L",2019-06-12,"second dead stem from same base","D02",342,45.561598,-84.7052189,34.2
"392",127,3690,"UMBS","3690","QURU","L",2019-06-12,"","D02",231,45.5615954,-84.7051852,23.1
"393",127,3691,"UMBS","3691","ACRU","L",2019-06-12,"Several small stems from same base","D02",118,45.5615931,-84.7051287,11.8
"394",127,3692,"UMBS","3692","QURU","D",2019-06-12,"","D02",203,45.5615856,-84.7051416,20.3
"395",127,3693,"UMBS","3693","POGR","L",2019-06-12,"Shares base with 2WP1 (twin trunks)","D02",414,45.5615712,-84.7051794,41.4
"396",127,3694,"UMBS","3694","ACRU","L",2019-06-12,"Small stems from same base","D02",161,45.5614954,-84.7052106,16.1
"397",127,3695,"UMBS","3695","ACRU","D",2019-06-12,"Shares base with 3696","D02",112,45.5614713,-84.7052415,11.2
"398",127,3696,"UMBS","3696","ACRU","L",2019-06-12,"Shares base with 3695","D02",127,45.561473,-84.7052509,12.7
"399",127,3697,"UMBS","3697","POGR","D",2019-06-12,"Snag","D02",260,45.5614594,-84.7052919,26
"400",127,3698,"UMBS","3698","POGR","D",2019-06-12,"Snag","D02",209,45.561455,-84.7052819,20.9
"401",127,3699,"UMBS","3699","QURU","L",2019-06-12,"","D02",300,45.5614311,-84.705264,30
"402",127,3700,"UMBS","3700","ACRU","D",2019-06-12,"Part of cluster including 3700-2 & 2EA1","D02",217,45.5615002,-84.7051554,21.7
"403",127,3701,"UMBS","3701","ACRU","L",2019-06-12,"Part of cluster including 3700-2 & 2EA1","D02",83,45.5614959,-84.7051562,8.3
"404",127,3702,"UMBS","3702","ACRU","L",2019-06-12,"Part of cluster including 3700-2 & 2EA1","D02",125,45.561504,-84.7051492,12.5
"405",127,3703,"UMBS","3703","POGR","L",2019-06-12,"","D02",277,45.561546,-84.7051082,27.7
"406",127,3704,"UMBS","3704","POGR","L",2019-06-12,"","D02",313,45.5615073,-84.7053869,31.3
"407",127,3705,"UMBS","3705","ACRU","L",2019-06-12,"","D02",100,45.5615329,-84.705107,10
"408",127,3706,"UMBS","3706","ACRU","L",2019-06-12,"Shares base with 3707","D02",95,45.5615606,-84.7050585,9.5
"409",127,3707,"UMBS","3707","ACRU","L",2019-06-12,"Shares base with 3706","D02",136,45.5615536,-84.70505,13.6
"410",127,3708,"UMBS","3708","QURU","L",2019-06-12,"","D02",296,45.5615593,-84.7050279,29.6
"411",127,3709,"UMBS","3709","QURU","L",2019-06-12,"","D02",325,45.5615148,-84.7050492,32.5
"412",127,3710,"UMBS","3710","ACRU","L",2019-06-12,"second small stem from base","D02",87,45.5614968,-84.7050702,8.7
"413",127,3711,"UMBS","3711","PIST","L",2019-06-12,"","D02",81,45.561464,-84.7051243,8.1
"414",127,3712,"UMBS","3712","PIST","L",2019-06-12,"","D02",80,45.5614595,-84.7050977,8
"415",127,3713,"UMBS","3713","QURU","L",2019-06-12,"Shares base with 3714 (twin trunks)","D02",349,45.561478,-84.7050402,34.9
"416",127,3714,"UMBS","3714","QURU","L",2019-06-12,"Shares base with 3713","D02",349,45.5614852,-84.7050419,34.9
"417",127,3715,"UMBS","3715","PIST","L",2019-06-12,"","D02",79,45.5614294,-84.7050618,7.9
"418",127,3716,"UMBS","3716","QURU","L",2019-06-12,"Shares base with 3717 (twin trunks)","D02",364,45.5613861,-84.7051803,36.4
"419",127,3717,"UMBS","3717","QURU","L",2019-06-12,"Shares base with 3716 (twin trunks)","D02",247,45.5613838,-84.7051755,24.7
"420",127,3718,"UMBS","3718","ACRU","L",2019-06-12,"Several small stems from same base","D02",138,45.5613861,-84.7051312,13.8
"421",127,3719,"UMBS","3719","ACRU","L",2019-06-12,"Several small stems from same base","D02",146,45.5613739,-84.7051433,14.6
"422",127,3720,"UMBS","3720","QURU","L",2019-06-12,"Shares base with 2EQ3 & 3721","D02",427,45.5613821,-84.7051029,42.7
"423",128,3721,"UMBS","3721","QURU","L",2019-06-12,"Shares base with 2EQ3 & 3720","D02",364,45.561425,-84.7050238,36.4
"424",128,3722,"UMBS","3722","POGR","L",2019-06-12,"","D02",327,45.5614111,-84.705018,32.7
"425",128,3723,"UMBS","3723","QURU","L",2019-06-12,"","D02",392,45.561397,-84.7050718,39.2
"426",128,3724,"UMBS","3724","QURU","D",2019-06-12,"","D02",215,45.561376,-84.7050799,21.5
"427",128,3725,"UMBS","3725","QURU","L",2019-06-12,"","D02",250,45.5613995,-84.7050013,25
"428",128,3726,"UMBS","3726","POGR","L",2019-06-12,"","D02",324,45.5613842,-84.7050107,32.4
"429",128,3727,"UMBS","3727","POGR","L",2019-06-12,"","D02",334,45.5613817,-84.7049949,33.4
"430",128,3728,"UMBS","3728","QURU","L",2019-06-12,"shares base with 3729","D02",241,45.5613507,-84.7050213,24.1
"431",128,3729,"UMBS","3729","QURU","L",2019-06-12,"shares base with 3728","D02",281,45.5613438,-84.7050172,28.1
"432",128,3730,"UMBS","3730","QURU","L",2019-06-12,"","D02",350,45.5612959,-84.7049992,35
"434",128,3732,"UMBS","3732","ACRU","L",2019-06-12,"","D02",123,45.5613812,-84.7049486,12.3
"435",128,3733,"UMBS","3733","ACRU","L",2019-06-12,"Shares base with 2EA3","D02",104,45.5613701,-84.704933,10.4
"436",128,3734,"UMBS","3734","ACRU","L",2019-06-12,"Shares base with 2EA2 plus small stems","D02",95,45.5614222,-84.704928,9.5
"437",128,3735,"UMBS","3735","FAGR","L",2019-06-12,"Second small stem from base","D02",137,45.5614807,-84.7049175,13.7
"438",128,3736,"UMBS","3736","QURU","L",2019-06-12,"","D02",408,45.5614925,-84.7049053,40.8
"439",128,3737,"UMBS","3737","QURU","L",2019-06-12,"","D02",347,45.5615064,-84.7048803,34.7
"440",129,51,"UMBS","2EA2","ACRU","L",2019-06-12,"0051 on Haglof","D02",137,45.5614276,-84.7049233,13.7
"441",129,52,"UMBS","2EP2","POGR","L",2019-06-12,"0052 on Haglof; shares base with 3739","D02",358,45.5614027,-84.7048874,35.8
"442",129,53,"UMBS","2EA3","ACRU","L",2019-06-12,"0053 on Haglof; shares base with 3733 & other small stems","D02",124,45.5613762,-84.704934,12.4
"443",129,54,"UMBS","2EP3","POGR","L",2019-06-12,"0054 on Haglof","D02",333,45.5612963,-84.7047814,33.3
"444",129,3738,"UMBS","3738","POGR","L",2019-06-12,"","D02",375,45.561444,-84.7048983,37.5
"445",129,3739,"UMBS","3739","POGR","L",2019-06-12,"Shares base with 2EP2","D02",349,45.5614105,-84.7048938,34.9
"446",129,3740,"UMBS","3740","ACRU","L",2019-06-12,"Shares base with 3741 & other small stems","D02",82,45.5614068,-84.7048534,8.2
"447",129,3741,"UMBS","3741","ACRU","L",2019-06-12,"Shares base with 3740 & other small stems","D02",89,45.5614088,-84.7048545,8.9
"448",129,3742,"UMBS","3742","QURU","L",2019-06-12,"","D02",150,45.5614278,-84.7048522,15
"449",129,3743,"UMBS","3743","QURU","L",2019-06-12,"","D02",239,45.5614175,-84.7048344,23.9
"450",129,3744,"UMBS","3744","ACRU","L",2019-06-12,"Shares base with 3745 & 3746","D02",100,45.5614522,-84.7048097,10
"451",129,3745,"UMBS","3745","ACRU","L",2019-06-12,"Shares base with 3744 & 3746","D02",131,45.561453,-84.7048084,13.1
"452",129,3746,"UMBS","3746","ACRU","L",2019-06-12,"Shares base with 3744 & 3745","D02",83,45.5614563,-84.7048135,8.3
"453",129,3747,"UMBS","3747","QURU","L",2019-06-12,"Shares base with 3748","D02",318,45.5614458,-84.7047819,31.8
"454",129,3748,"UMBS","3748","QURU","L",2019-06-12,"Shares base with 3747","D02",391,45.5614484,-84.7047774,39.1
"455",129,3749,"UMBS","3749","ACRU","L",2019-06-12,"","D02",103,45.5614336,-84.7047991,10.3
"456",129,3750,"UMBS","3750","QURU","L",2019-06-12,"","D02",277,45.5614239,-84.7047788,27.7
"457",129,3751,"UMBS","3751","ACRU","L",2019-06-12,"Cluster with several small stems","D02",89,45.5613927,-84.7048127,8.9
"458",129,3752,"UMBS","3752","QURU","L",2019-06-12,"","D02",134,45.5613661,-84.7048074,13.4
"459",129,3753,"UMBS","3753","ACRU","L",2019-06-12,"Cluster of several small stems","D02",129,45.5613804,-84.7047346,12.9
"460",129,3754,"UMBS","3754","QURU","L",2019-06-12,"","D02",277,45.5613884,-84.704743,27.7
"461",129,3755,"UMBS","3755","QURU","L",2019-06-12,"","D02",323,45.5613607,-84.7047524,32.3
"462",129,3756,"UMBS","3756","ACRU","L",2019-06-12,"Cluster of several small stems","D02",107,45.5613438,-84.7047106,10.7
"463",129,3757,"UMBS","3757","QURU","L",2019-06-12,"","D02",291,45.5613465,-84.7046957,29.1
"464",129,3758,"UMBS","3758","POGR","L",2019-06-12,"","D02",307,45.5612904,-84.7047579,30.7
"465",129,3759,"UMBS","3759","PIST","L",2019-06-12,"","D02",77,45.5612988,-84.7047246,7.7
"466",129,3760,"UMBS","3760","ACRU","L",2019-06-12,"Shares base with 3761 & 3762","D02",113,45.5612893,-84.7046779,11.3
"467",129,3761,"UMBS","3761","ACRU","L",2019-06-12,"Shares base with 3760 & 3762","D02",105,45.561289,-84.7046794,10.5
"468",129,3762,"UMBS","3762","ACRU","L",2019-06-12,"Shares base with 3760 & 3761","D02",97,45.5612861,-84.7046747,9.7
"469",129,3763,"UMBS","3763","QURU","L",2019-06-12,"Shares base with 3764","D02",372,45.561273,-84.7046777,37.2
"470",129,3764,"UMBS","3764","QURU","L",2019-06-12,"Shares base with 3763","D02",365,45.5612756,-84.7046618,36.5
"471",129,3765,"UMBS","3765","ACRU","L",2019-06-12,"Shares base with 3766 & additional small stem","D02",186,45.5612241,-84.704777,18.6
"472",129,3766,"UMBS","3766","ACRU","L",2019-06-12,"Shares base with 3765 & additional small stem","D02",123,45.5612506,-84.7047131,12.3
"473",129,3767,"UMBS","3767","QURU","L",2019-06-12,"","D02",340,45.561216,-84.7048552,34
"474",129,3768,"UMBS","3768","POGR","L",2019-06-12,"","D02",272,45.5612596,-84.7048196,27.2
"475",129,3769,"UMBS","3769","POGR","D",2019-06-12,"Snag","D02",148,45.561286,-84.7048437,14.8
"476",129,3770,"UMBS","3770","QURU","L",2019-06-12,"Crown destroyed","D02",175,45.5612631,-84.7048802,17.5
"477",129,3771,"UMBS","3771","QURU","L",2019-06-12,"","D02",369,45.561255,-84.7049106,36.9
"478",129,3772,"UMBS","3772","QURU","L",2019-06-12,"","D02",349,45.5612949,-84.7049171,34.9
"479",129,3773,"UMBS","3773","ACRU","L",2019-06-12,"Shares base with 3774","D02",80,45.561327,-84.7049242,8
"480",129,3774,"UMBS","3774","ACRU","L",2019-06-12,"Shares base with 3773","D02",153,45.5613253,-84.7049262,15.3
"481",129,3775,"UMBS","3775","POGR","L",2019-06-12,"","D02",278,45.5613517,-84.7049339,27.8
"482",129,3776,"UMBS","3776","POGR","L",2019-06-12,"","D02",283,45.5613616,-84.7049384,28.3
"483",129,3777,"UMBS","3777","QURU","L",2019-06-12,"","D02",252,45.5613862,-84.7047305,25.2
"484",129,3778,"UMBS","3778","ACRU","L",2019-06-12,"Shares base with 3753, 3779 & another small stem ","D02",87,45.561385,-84.7047344,8.7
"485",129,3779,"UMBS","3779","ACRU","L",2019-06-12,"Shares base with 3753, 3778 & another small stem","D02",114,45.5613809,-84.7047291,11.4
"486",130,2,"UMBS","1WP1","POGR","L",2019-06-14,"0002 on Haglof; returned to remap on 6/14","D01",386,45.5616918,-84.7078189,38.6
"487",131,3397,"UMBS","3397","ACRU","L",2019-06-14,"crown dead; in a new plot on 6/14","D01",144,45.5614619,-84.7073134,14.4
"488",132,55,"UMBS","4WQ3","QURU","L",2019-06-14,"0055 on Haglof; shares base with 3783","D04",374,45.5612869,-84.7040398,37.4
"489",132,3780,"UMBS","3780","QURU","L",2019-06-14,"","D04",371,45.561334,-84.7041186,37.1
"490",132,3781,"UMBS","3781","PIST","L",2019-06-14,"","D04",387,45.5613685,-84.7040777,38.7
"491",132,3782,"UMBS","3782","FAGR","L",2019-06-14,"","D04",137,45.5613123,-84.7040775,13.7
"492",132,3783,"UMBS","3783","QURU","L",2019-06-14,"Shares base with 4WQ3; twin stems; this stem is the one whose crown was actually sampled","D04",375,45.5612837,-84.7040466,37.5
"493",132,3784,"UMBS","3784","PIST","L",2019-06-14,"","D04",81,45.5613089,-84.7040214,8.1
"494",132,3785,"UMBS","3785","PIST","L",2019-06-14,"","D04",91,45.5612981,-84.7039851,9.1
"495",132,3786,"UMBS","3786","PIST","L",2019-06-14,"","D04",331,45.5613092,-84.7039467,33.1
"496",132,3787,"UMBS","3787","PIST","L",2019-06-14,"","D04",98,45.5612532,-84.7041626,9.8
"497",132,3788,"UMBS","3788","QURU","L",2019-06-14,"Shares base with 3789; twin stems","D04",370,45.5612313,-84.7041224,37
"498",132,3789,"UMBS","3789","QURU","L",2019-06-14,"Shares base with 3788; twin stems","D04",220,45.5612285,-84.7041138,22
"499",132,3790,"UMBS","3790","ACRU","L",2019-06-14,"","D04",90,45.5611994,-84.7040749,9
"500",132,3791,"UMBS","3791","QURU","L",2019-06-14,"Triple stem with 3792 & 3793","D04",303,45.5612342,-84.7040802,30.3
"501",132,3792,"UMBS","3792","QURU","L",2019-06-14,"Triple stem with 3791 & 3793","D04",375,45.5612429,-84.7040842,37.5
"502",132,3793,"UMBS","3793","QURU","L",2019-06-14,"Triple stem with 3791 & 3792","D04",296,45.5612386,-84.7040757,29.6
"503",132,3794,"UMBS","3794","PIST","L",2019-06-14,"","D04",88,45.5612546,-84.7040363,8.8
"504",132,3795,"UMBS","3795","QURU","L",2019-06-14,"","D04",473,45.5612534,-84.7039997,47.3
"505",132,3796,"UMBS","3796","PIST","L",2019-06-14,"","D04",144,45.5612273,-84.7039687,14.4
"506",132,3797,"UMBS","3797","PIST","L",2019-06-14,"","D04",199,45.5612039,-84.7039257,19.9
"507",132,3798,"UMBS","3798","ACRU","L",2019-06-14,"Several small stems from same base","D04",101,45.5611818,-84.7039295,10.1
"508",132,3799,"UMBS","3799","QURU","L",2019-06-14,"","D04",357,45.5611767,-84.703889,35.7
"509",133,56,"UMBS","4WA3","ACRU","L",2019-06-14,"0056 on Haglof","D04",146,45.5612745,-84.7038792,14.6
"510",133,57,"UMBS","4WA2","ACRU","L",2019-06-14,"0057 on Haglof; this stem is severely damaged and not complete at breast height; second stem from same base is dendro banded (3818)","D04",298,45.5612942,-84.703807,29.8
"511",133,58,"UMBS","4WQ2","QURU","L",2019-06-14,"0058 on Haglof","D04",342,45.5613227,-84.7037552,34.2
"512",133,59,"UMBS","4WQ1","QURU","L",2019-06-14,"0059 on Haglof","D04",317,45.5614003,-84.7038186,31.7
"513",133,60,"UMBS","4WA1","ACRU","L",2019-06-14,"0060 on Haglof; shares base with 3826; started to be cut on girdling day but wasn’t fully girdled","D04",122,45.561439,-84.703697,12.2
"514",133,61,"UMBS","4WP2","POGR","L",2019-06-14,"0061 on Haglof","D04",294,45.5614518,-84.7036895,29.4
"515",133,3800,"UMBS","3800","QURU","L",2019-06-14,"","D04",141,45.5611987,-84.7039223,14.1
"516",133,3801,"UMBS","3801","ACRU","L",2019-06-14,"","D04",109,45.5612268,-84.7038985,10.9
"517",133,3802,"UMBS","3802","ACRU","L",2019-06-14,"","D04",150,45.5612557,-84.703897,15
"518",133,3803,"UMBS","3803","QURU","L",2019-06-14,"Triple stem with 3804 & 3805","D04",266,45.5612674,-84.7038947,26.6
"519",133,3804,"UMBS","3804","QURU","L",2019-06-14,"Triple stem with 3803 & 3805","D04",328,45.5612707,-84.7038813,32.8
"520",133,3805,"UMBS","3805","QURU","L",2019-06-14,"Triple stem with 3803 & 3804","D04",284,45.5612645,-84.7038822,28.4
"521",133,3806,"UMBS","3806","PIST","L",2019-06-14,"","D04",154,45.5613161,-84.7039214,15.4
"522",133,3807,"UMBS","3807","PIST","L",2019-06-14,"","D04",286,45.561439,-84.7039068,28.6
"523",133,3808,"UMBS","3808","PIST","L",2019-06-14,"","D04",197,45.5614176,-84.7038798,19.7
"524",133,3809,"UMBS","3809","POGR","L",2019-06-14,"","D04",85,45.56145,-84.7038871,8.5
"526",133,3811,"UMBS","3811","POGR","G",2019-06-14,"","D04",165,45.5614779,-84.7038084,16.5
"527",133,3812,"UMBS","3812","PIST","D",2019-06-14,"","D04",119,45.5612928,-84.7038618,11.9
"528",133,3813,"UMBS","3813","ACRU","L",2019-06-14,"Shares base with second small stem","D04",114,45.5612471,-84.7038306,11.4
"529",133,3814,"UMBS","3814","QURU","L",2019-06-14,"","D04",380,45.5612365,-84.7038428,38
"530",133,3815,"UMBS","3815","ACRU","L",2019-06-14,"","D04",99,45.561206,-84.7038184,9.9
"531",133,3846,"UMBS","3846","PIST","L",2019-06-14,"","D04",125,45.5612857,-84.7039196,12.5
"532",133,3846,"UMBS","3846","PIST","L",2019-06-14,"","D04",125,45.5612857,-84.7039196,12.5
"533",134,3816,"UMBS","3816","FAGR","L",2019-06-14,"","D04",91,45.5612438,-84.7037677,9.1
"534",134,3817,"UMBS","3817","ACRU","L",2019-06-14,"","D04",96,45.561305,-84.7037936,9.6
"535",134,3818,"UMBS","3818","ACRU","L",2019-06-14,"Shares base with 4WA2; dendro banded","D04",165,45.561314,-84.7037908,16.5
"536",134,3819,"UMBS","3819","PIST","L",2019-06-14,"","D04",83,45.5613631,-84.7038569,8.3
"537",134,3820,"UMBS","3820","PIST","G",2019-06-14,"","D04",101,45.5614803,-84.7038139,10.1
"538",134,3821,"UMBS","3821","PIST","G",2019-06-14,"","D04",109,45.5615258,-84.7038533,10.9
"539",134,3822,"UMBS","3822","POGR","L",2019-06-14,"","D04",209,45.5615287,-84.7038638,20.9
"540",134,3823,"UMBS","3823","PIST","G",2019-06-14,"","D04",145,45.5615423,-84.7038648,14.5
"541",134,3824,"UMBS","3824","POGR","G",2019-06-14,"","D04",173,45.5615635,-84.7038225,17.3
"543",134,3826,"UMBS","3826","ACRU","L",2019-06-14,"Shares base with 4WA1","D04",141,45.5614817,-84.7037568,14.1
"544",134,3827,"UMBS","3827","QURU","L",2019-06-14,"","D04",80,45.5613391,-84.7037767,8
"545",134,3828,"UMBS","3828","ACRU","L",2019-06-14,"Shares base with 3829","D04",140,45.5612899,-84.7037114,14
"546",134,3829,"UMBS","3829","ACRU","D",2019-06-14,"Shares base with 3828","D04",80,45.5612793,-84.7037252,8
"547",134,3830,"UMBS","3830","ACRU","L",2019-06-14,"","D04",169,45.5612894,-84.7036753,16.9
"548",134,3831,"UMBS","3831","ACRU","L",2019-06-14,"","D04",98,45.5612896,-84.7036706,9.8
"549",134,3832,"UMBS","3832","ACRU","L",2019-06-14,"","D04",145,45.5613424,-84.7037358,14.5
"550",134,3833,"UMBS","3833","PIST","G",2019-06-14,"","D04",206,45.5614201,-84.7037546,20.6
"551",134,3834,"UMBS","3834","PIST","L",2019-06-14,"","D04",205,45.5614056,-84.7037195,20.5
"552",134,3835,"UMBS","3835","POGR","D",2019-06-14,"Short snag, fairly decomposed ","D04",219,45.5613666,-84.703681,21.9
"553",134,3836,"UMBS","3836","QURU","L",2019-06-14,"","D04",286,45.5613494,-84.7036897,28.6
"554",134,3837,"UMBS","3837","QURU","L",2019-06-14,"","D04",249,45.5613685,-84.7035805,24.9
"555",134,3838,"UMBS","3838","POGR","D",2019-06-14,"Short snag","D04",150,45.5614048,-84.7036366,15
"556",134,3839,"UMBS","3839","QURU","L",2019-06-14,"","D04",249,45.5614214,-84.7036416,24.9
"557",134,3840,"UMBS","3840","PIST","G",2019-06-14,"","D04",190,45.561513,-84.7037691,19
"558",134,3841,"UMBS","3841","POGR","L",2019-06-14,"","D04",208,45.5615659,-84.703761,20.8
"559",135,62,"UMBS","4WP1","POGR","L",2019-06-14,"0062 on Haglof","D04",292,45.5615122,-84.703697,29.2
"560",135,63,"UMBS","4WP3","POGR","L",2019-06-14,"0063 on Haglof","D04",278,45.5614285,-84.7036776,27.8
"561",135,3842,"UMBS","3842","POGR","L",2019-06-14,"","D04",248,45.5615972,-84.7037298,24.8
"562",135,3843,"UMBS","3843","POGR","L",2019-06-14,"","D04",217,45.5615796,-84.7036519,21.7
"563",135,3844,"UMBS","3844","POGR","G",2019-06-14,"Moribund before girdling","D04",76,45.5615444,-84.7036828,7.6
"564",135,3845,"UMBS","3845","BEPA","G",2019-06-14,"Two small stems from same base","D04",100,45.5615228,-84.7036899,10
"565",135,3847,"UMBS","3847","POGR","G",2019-06-14,"Dead before girdling","D04",102,45.5615374,-84.7036514,10.2
"566",135,3848,"UMBS","3848","PIST","G",2019-06-14,"","D04",120,45.561534,-84.7036349,12
"567",135,3849,"UMBS","3849","POGR","G",2019-06-14,"","D04",127,45.5615582,-84.7035995,12.7
"568",135,3850,"UMBS","3850","POGR","L",2019-06-14,"","D04",195,45.5616017,-84.7036099,19.5
"569",135,3851,"UMBS","3851","PIST","L",2019-06-14,"","D04",337,45.5614427,-84.703637,33.7
"570",135,3852,"UMBS","3852","PIST","L",2019-06-14,"","D04",218,45.5614581,-84.7036059,21.8
"571",136,64,"UMBS","4EA3","ACRU","L",2019-06-14,"0064 on Haglof, three small stems from same base","D04",62,45.5615363,-84.7034336,6.2
"572",136,65,"UMBS","4EQ3","QURU","L",2019-06-14,"0065 on Haglof; accidentally girdled","D04",NA,NA,NA,NA
"573",136,66,"UMBS","4EQ2","QURU","L",2019-06-14,"0066 on Haglof; shares base with 3900","D04",NA,NA,NA,NA
"574",136,3853,"UMBS","3853","POGR","D",2019-06-14,"Short snag","D04",89,45.5614875,-84.7035333,8.9
"575",136,3854,"UMBS","3854","PIST","L",2019-06-14,"","D04",89,45.5614983,-84.7034509,8.9
"576",136,3855,"UMBS","3855","PIST","L",2019-06-14,"","D04",152,45.5615462,-84.703542,15.2
"577",136,3856,"UMBS","3856","PIST","D",2019-06-14,"","D04",79,45.5615448,-84.7034946,7.9
"578",136,3857,"UMBS","3857","PIST","L",2019-06-14,"","D04",102,45.5615573,-84.703492,10.2
"579",136,3858,"UMBS","3858","POGR","L",2019-06-14,"","D04",137,45.5615739,-84.7035061,13.7
"580",136,3859,"UMBS","3859","PIST","D",2019-06-14,"","D04",70,45.5616021,-84.7035081,7
"581",136,3860,"UMBS","3860","POGR","L",2019-06-14,"","D04",249,45.5616038,-84.7035124,24.9
"582",136,3861,"UMBS","3861","POGR","G",2019-06-14,"","D04",292,45.5616208,-84.703497,29.2
"583",136,3862,"UMBS","3862","POGR","L",2019-06-14,"","D04",225,45.561605,-84.7034902,22.5
"584",136,3863,"UMBS","3863","PIST","L",2019-06-14,"","D04",83,45.5616017,-84.703488,8.3
"585",136,3864,"UMBS","3864","POGR","L",2019-06-14,"","D04",227,45.5616179,-84.703461,22.7
"586",136,3865,"UMBS","3865","PIST","L",2019-06-14,"","D04",80,45.5616247,-84.7034717,8
"587",136,3866,"UMBS","3866","PIST","D",2019-06-14,"","D04",89,45.5615883,-84.7034421,8.9
"588",136,3867,"UMBS","3867","PIST","L",2019-06-14,"","D04",93,45.5615768,-84.703464,9.3
"589",136,3868,"UMBS","3868","PIST","L",2019-06-14,"","D04",95,45.5615502,-84.7034544,9.5
"590",136,3869,"UMBS","3869","PIST","L",2019-06-14,"","D04",78,45.5615432,-84.7034585,7.8
"591",136,3870,"UMBS","3870","POGR","L",2019-06-14,"","D04",179,45.5614707,-84.7034353,17.9
"592",136,3871,"UMBS","3871","PIST","L",2019-06-14,"","D04",221,45.5614803,-84.7033866,22.1
"593",136,3872,"UMBS","3872","POGR","L",2019-06-14,"","D04",229,45.5615389,-84.7034205,22.9
"594",136,3873,"UMBS","3873","POGR","L",2019-06-14,"","D04",198,45.5615321,-84.7034122,19.8
"595",136,3874,"UMBS","3874","PIST","L",2019-06-14,"","D04",75,45.5615658,-84.7034149,7.5
"596",136,3875,"UMBS","3875","PIST","L",2019-06-14,"","D04",69,45.5616017,-84.7034317,6.9
"597",136,3876,"UMBS","3876","PIST","L",2019-06-14,"","D04",72,45.5616122,-84.7034237,7.2
"598",136,3877,"UMBS","3877","POGR","L",2019-06-14,"","D04",199,45.5616073,-84.7034192,19.9
"599",136,3878,"UMBS","3878","POGR","L",2019-06-14,"","D04",137,45.5616244,-84.7034041,13.7
"600",136,3879,"UMBS","3879","PIST","L",2019-06-14,"","D04",69,45.5616106,-84.7033795,6.9
"601",136,3880,"UMBS","3880","PIST","L",2019-06-14,"","D04",81,45.5616162,-84.7033592,8.1
"602",136,3881,"UMBS","3881","PIST","L",2019-06-14,"","D04",62,45.5616136,-84.7033184,6.2
"603",136,3882,"UMBS","3882","QURU","L",2019-06-14,"","D04",203,45.5615976,-84.7033613,20.3
"604",136,3883,"UMBS","3883","PIST","L",2019-06-14,"","D04",73,45.5615602,-84.7033488,7.3
"605",136,3884,"UMBS","3884","PIST","L",2019-06-14,"","D04",102,45.561535,-84.7033808,10.2
"606",136,3885,"UMBS","3885","PIST","L",2019-06-14,"","D04",100,45.5615268,-84.7033765,10
"607",136,3886,"UMBS","3886","POGR","L",2019-06-14,"","D04",232,45.5615017,-84.7033413,23.2
"608",136,3887,"UMBS","3887","PIST","L",2019-06-14,"","D04",241,45.5614565,-84.7033176,24.1
"609",136,3888,"UMBS","3888","PIST","L",2019-06-14,"","D04",245,45.5614236,-84.703325,24.5
"610",136,3889,"UMBS","3889","QURU","L",2019-06-14,"","D04",103,45.561409,-84.7033634,10.3
"611",136,3921,"UMBS","3921","QURU","L",2019-06-14,"","D04",132,45.5615864,-84.7033064,13.2
"612",137,67,"UMBS","4EP1","POGR","L",2019-06-14,"0067 on Haglof","D04",275,45.5615178,-84.7032467,27.5
"613",137,68,"UMBS","4EA1","ACRU","L",2019-06-14,"0068 on Haglof; shares base with two small stems","D04",91,45.5615275,-84.7032335,9.1
"614",137,69,"UMBS","4EA2","ACRU","L",2019-06-14,"0069 on Haglof","D04",73,45.5614649,-84.7032173,7.3
"615",137,3890,"UMBS","3890","PIST","L",2019-06-14,"","D04",100,45.5613858,-84.7032545,10
"616",137,3891,"UMBS","3891","POGR","D",2019-06-14,"Short snag","D04",223,45.5613924,-84.7032192,22.3
"617",137,3892,"UMBS","3892","POGR","L",2019-06-14,"","D04",358,45.5613724,-84.703212,35.8
"618",137,3893,"UMBS","3893","ACRU","L",2019-06-14,"","D04",89,45.5613891,-84.7031673,8.9
"619",137,3894,"UMBS","3894","ACRU","L",2019-06-14,"Triple stem with 3895 & 3896","D04",244,45.5613939,-84.7031446,24.4
"620",137,3895,"UMBS","3895","ACRU","L",2019-06-14,"Triple stem with 3894 & 3896","D04",136,45.5614007,-84.7031363,13.6
"621",137,3896,"UMBS","3896","ACRU","L",2019-06-14,"Triple stem with 3894 & 3895","D04",197,45.5614018,-84.7031335,19.7
"622",137,3897,"UMBS","3897","POGR","D",2019-06-14,"Short snag","D04",240,45.5614201,-84.7032106,24
"623",137,3898,"UMBS","3898","POGR","D",2019-06-14,"","D04",353,45.561466,-84.7031742,35.3
"624",137,3899,"UMBS","3899","PIST","L",2019-06-14,"","D04",107,45.561468,-84.7031578,10.7
"625",137,3900,"UMBS","3900","QURU","L",2019-06-14,"Shares base with 4EQ2","D04",148,45.5615208,-84.7032885,14.8
"626",137,3901,"UMBS","3901","POGR","L",2019-06-14,"","D04",283,45.5615483,-84.703283,28.3
"627",137,3902,"UMBS","3902","POGR","G",2019-06-14,"Was dead before girdling","D04",327,45.5615168,-84.7032563,32.7
"628",137,3903,"UMBS","3903","PIST","G",2019-06-14,"Checked DBH with tape (tree slightly too large for calipers); 63.3","D04",622,45.561587,-84.7031265,62.2
"629",137,3904,"UMBS","3904","QURU","L",2019-06-14,"","D04",80,45.5615172,-84.703152,8
"630",137,3905,"UMBS","3905","POGR","M",2019-06-14,"Very scraggly crown","D04",107,45.5615104,-84.7031243,10.7
"631",138,70,"UMBS","4EP3","POGR","L",2019-06-14,"0070 on Haglof","D04",334,45.5614509,-84.7029445,33.4
"632",138,71,"UMBS","4EP2","POGR","L",2019-06-14,"0071 on Haglof","D04",242,45.5614256,-84.702921,24.2
"633",138,72,"UMBS","4EQ1","QURU","L",2019-06-14,"0072 on Haglof","D04",220,45.5613755,-84.7029466,22
"634",138,3906,"UMBS","3906","POGR","L",2019-06-14,"","D04",416,45.5614326,-84.7030612,41.6
"635",138,3907,"UMBS","3907","PIST","L",2019-06-14,"","D04",251,45.5614094,-84.7030744,25.1
"636",138,3908,"UMBS","3908","QURU","L",2019-06-14,"","D04",249,45.5613678,-84.7030534,24.9
"637",138,3909,"UMBS","3909","POGR","L",2019-06-14,"","D04",398,45.5613656,-84.7030422,39.8
"638",138,3910,"UMBS","3910","POGR","L",2019-06-14,"","D04",351,45.5613486,-84.7030383,35.1
"639",138,3911,"UMBS","3911","QURU","L",2019-06-14,"","D04",365,45.5613768,-84.7029216,36.5
"640",138,3912,"UMBS","3912","QURU","D",2019-06-14,"Shares base with 4EQ1","D04",173,45.5613712,-84.7029559,17.3
"641",138,3913,"UMBS","3913","PIST","L",2019-06-14,"","D04",89,45.5613712,-84.7028876,8.9
"642",138,3914,"UMBS","3914","QURU","L",2019-06-14,"","D04",440,45.5613445,-84.7029054,44
"643",138,3915,"UMBS","3915","PIST","L",2019-06-14,"","D04",82,45.5612887,-84.7029409,8.2
"644",138,3916,"UMBS","3916","QURU","L",2019-06-14,"","D04",220,45.5612879,-84.7029335,22
"645",138,3917,"UMBS","3917","PIST","L",2019-06-14,"","D04",114,45.5612786,-84.7029291,11.4
"646",138,3922,"UMBS","3922","QURU","L",2019-06-14,"","D04",160,45.5614868,-84.7030358,16
"647",138,3923,"UMBS","3923","QURU","L",2019-06-14,"","D04",329,45.5614817,-84.7030179,32.9
"648",138,3924,"UMBS","3924","QURU","L",2019-06-14,"","D04",158,45.5615116,-84.703006,15.8
"649",138,3925,"UMBS","3925","PIST","L",2019-06-14,"","D04",98,45.5615357,-84.7029848,9.8
"650",138,3926,"UMBS","3926","ACRU","L",2019-06-14,"","D04",82,45.561529,-84.7029778,8.2
"651",138,3927,"UMBS","3927","ACRU","L",2019-06-14,"Shares base with second small dead stem","D04",86,45.5615332,-84.7029401,8.6
"652",138,3928,"UMBS","3928","ACRU","D",2019-06-14,"Shares base with several small stems","D04",80,45.561497,-84.7029255,8
"653",138,3929,"UMBS","3929","QURU","L",2019-06-14,"Shares base with 3930","D04",220,45.5614909,-84.7029349,22
"654",138,3930,"UMBS","3930","QURU","L",2019-06-14,"Shares base with 3929","D04",278,45.561489,-84.7029395,27.8
"655",138,3931,"UMBS","3931","PIST","L",2019-06-14,"","D04",127,45.5614496,-84.7029045,12.7
"656",138,3932,"UMBS","3932","QURU","L",2019-06-14,"","D04",302,45.5615003,-84.7028873,30.2
"657",138,3933,"UMBS","3933","ACRU","L",2019-06-14,"","D04",127,45.5615266,-84.7028894,12.7
"658",139,3918,"UMBS","3918","PIST","L",2019-06-14,"","D04",126,45.5612972,-84.7029632,12.6
"660",139,3920,"UMBS","3920","PIST","L",2019-06-14,"","D04",90,45.5613005,-84.7029502,9
"661",139,3934,"UMBS","3934","QURU","L",2019-06-14,"","D04",213,45.5614815,-84.7027768,21.3
"662",139,3935,"UMBS","3935","QURU","L",2019-06-14,"","D04",206,45.561455,-84.7027865,20.6
"663",139,3936,"UMBS","3936","QURU","L",2019-06-14,"","D04",292,45.5614345,-84.702807,29.2
"664",139,3937,"UMBS","3937","ACRU","L",2019-06-14,"Triple stem with 3938 & 3939","D04",199,45.5614167,-84.7028443,19.9
"665",139,3938,"UMBS","3938","ACRU","L",2019-06-14,"Triple stem with 3937 & 3939","D04",228,45.5614269,-84.7028466,22.8
"666",139,3939,"UMBS","3939","ACRU","L",2019-06-14,"Triple stem with 3937 & 3938","D04",217,45.5614187,-84.7028367,21.7
"667",139,3940,"UMBS","3940","QURU","L",2019-06-14,"","D04",338,45.5613928,-84.7028411,33.8
"668",139,3941,"UMBS","3941","QURU","L",2019-06-14,"LAST TREE","D04",266,45.5614205,-84.7028639,26.6
